machine_id,machine_name,usage_hours,location,failure_count,last_service_date
1,Durst_9590,1593,West Christinaberg,48,2023-10-17
2,Durst_9475,5287,North Christopher,32,2022-10-08
3,Durst_5398,9022,Combstown,24,2024-07-03
4,Durst_8635,7340,Lake Andrewburgh,30,2022-10-05
5,Durst_6146,1865,Lefort,21,2024-09-11
6,Durst_8405,2453,Harveytown,21,2023-03-16
7,Durst_3208,3998,Wrightland,36,2023-11-25
8,Durst_5060,9744,Williamsstad,21,2023-01-24
9,Durst_8044,7864,Patelberg,42,2024-01-04
10,Durst_1726,4163,East Crystalview,38,2023-08-15
11,Durst_1936,7906,Harrischester,24,2024-01-22
12,Durst_4344,4468,Jenniferberg,9,2023-12-01
13,Durst_4982,3236,Schroederhaven,0,2023-05-02
14,Durst_4620,396,New Rebeccahaven,27,2024-02-27
15,Durst_2660,8926,Lake Anthony,46,2024-02-16
16,Durst_8326,7091,Brianberg,1,2023-01-04
17,Durst_1449,6400,Wheelerberg,36,2024-09-01
18,Durst_2339,219,Port Roger,26,2024-04-28
19,Durst_2786,293,East Lindsay,49,2024-09-19
20,Durst_1625,1201,Lucasfurt,42,2023-03-31
21,Durst_6773,9172,Teresafurt,44,2024-01-18
22,Durst_5156,3550,Jamesmouth,13,2023-03-27
23,Durst_3890,8737,Clineshire,19,2024-04-21
24,Durst_5114,9489,South Jennifer,42,2024-07-13
25,Durst_2687,4601,Christianfort,8,2023-04-19
26,Durst_3428,892,North Sharon,36,2023-02-12
27,Durst_5497,3597,Reedshire,12,2023-03-18
28,Durst_6283,3623,East Robert,14,2023-11-30
29,Durst_3334,6446,Brandonport,48,2022-10-19
30,Durst_4081,1244,Christopherborough,10,2023-07-26
31,Durst_8878,9289,North Amberbury,16,2023-02-26
32,Durst_9484,9970,New Jameshaven,42,2023-06-03
33,Durst_4560,3856,New Jonathan,27,2022-10-11
34,Durst_3293,4888,Juliamouth,3,2023-01-29
35,Durst_6130,3802,Millerport,24,2024-03-13
36,Durst_3850,3704,West Ashleymouth,45,2022-12-04
37,Durst_5078,5849,Campbellview,14,2023-04-13
38,Durst_8176,2170,Garyport,8,2024-07-11
39,Durst_2999,369,South Kathleenstad,30,2023-02-13
40,Durst_2837,1485,Kellimouth,37,2024-07-10
41,Durst_7905,4200,Knightfort,20,2024-05-13
42,Durst_7591,7087,Johnville,25,2023-02-26
43,Durst_4716,3834,North Williammouth,41,2024-02-25
44,Durst_3709,1468,Bryanshire,50,2024-06-15
45,Durst_1545,3472,North Audrey,42,2023-12-30
46,Durst_9652,1896,South Paulborough,30,2024-06-06
47,Durst_4354,8414,Villarrealstad,46,2023-11-11
48,Durst_9269,4144,New Barbara,45,2024-07-17
49,Durst_8575,9145,Lake Richard,13,2023-11-28
50,Durst_8325,2221,South Jessicahaven,24,2023-12-22
51,Durst_6723,5659,Kleinstad,34,2022-11-15
52,Durst_1870,5186,West Mason,20,2024-02-16
53,Durst_5348,7242,Lake Daleside,6,2024-01-31
54,Durst_3445,9252,Melanieton,23,2024-03-16
55,Durst_1251,9316,Lindsayville,12,2023-01-11
56,Durst_5882,2457,Lake Christopher,40,2023-11-26
57,Durst_4616,3038,Camposland,26,2024-02-28
58,Durst_2145,5958,Port Troyborough,27,2023-01-18
59,Durst_7603,508,Lake Reneeport,50,2023-08-05
60,Durst_4407,2035,Port William,25,2023-06-16
61,Durst_5299,5538,South Jessica,3,2024-07-14
62,Durst_2769,3548,Wardborough,49,2024-08-16
63,Durst_2420,3633,Katherinefort,11,2023-07-31
64,Durst_2691,8148,North Alexander,1,2024-04-15
65,Durst_8696,321,South Stephanietown,0,2023-06-17
66,Durst_9265,3272,West Samantha,0,2023-03-25
67,Durst_8193,7313,West Jasonview,47,2023-02-27
68,Durst_2035,1830,Elizabethside,20,2022-10-26
69,Durst_1725,3146,Barnettborough,14,2022-11-28
70,Durst_2061,5103,North Erica,43,2024-05-27
71,Durst_4141,941,Millsport,45,2023-01-10
72,Durst_9314,2360,New James,21,2023-02-04
73,Durst_2186,1682,East Heathertown,37,2024-08-31
74,Durst_8807,3382,Port Philipborough,5,2023-10-30
75,Durst_6006,8146,Cassieville,17,2024-03-18
76,Durst_5068,5511,East Mary,17,2023-05-28
77,Durst_7084,5849,East Johnnyborough,16,2024-06-05
78,Durst_3936,6159,North Elizabeth,13,2023-03-10
79,Durst_9357,4352,Christineshire,17,2023-05-27
80,Durst_8736,952,Frederickmouth,39,2024-05-16
81,Durst_1436,7765,Hernandezfort,27,2022-12-09
82,Durst_4002,6047,New Aaron,2,2024-08-05
83,Durst_1199,8657,Brianshire,28,2024-07-04
84,Durst_5062,7024,South Molly,12,2023-10-04
85,Durst_7126,6119,South Michelleshire,9,2023-01-23
86,Durst_1291,7319,Joneschester,20,2024-05-30
87,Durst_1665,858,East Mark,33,2023-06-22
88,Durst_4641,5639,Hawkinsfurt,34,2022-10-14
89,Durst_5310,7027,Patrickland,46,2023-02-02
90,Durst_4623,6248,Kaitlynton,25,2024-01-23
91,Durst_5882,4609,Lynchburgh,14,2023-12-15
92,Durst_7129,3115,Port Laurafort,37,2023-08-28
93,Durst_4831,6278,Jesseberg,5,2024-03-01
94,Durst_9903,8032,Port Melindafurt,0,2024-01-19
95,Durst_1019,1832,Lake Carlosstad,33,2022-10-24
96,Durst_6401,4113,Lyonsburgh,4,2023-04-22
97,Durst_3225,4878,East Jamesland,43,2023-04-11
98,Durst_5581,8657,West Amyton,15,2023-08-12
99,Durst_5564,4871,West Shawn,23,2023-02-11
100,Durst_2601,2410,Port Howardmouth,35,2022-12-25
101,Durst_3159,4835,Stewartbury,13,2024-05-29
102,Durst_1716,9093,Victoriaton,45,2023-09-13
103,Durst_1487,7765,Randyborough,48,2024-01-16
104,Durst_2298,7130,Hessburgh,24,2023-06-05
105,Durst_2423,5810,West Rickyton,18,2022-12-24
106,Durst_3660,8427,Nicholastown,40,2024-05-12
107,Durst_1551,3863,Jacobhaven,27,2022-11-15
108,Durst_8611,3611,Thomasborough,6,2023-06-09
109,Durst_5578,165,New Lindaborough,43,2023-02-23
110,Durst_6504,4107,Kelleytown,15,2024-06-13
111,Durst_4160,1138,North Robertmouth,8,2023-10-21
112,Durst_3621,9313,Jeffreyberg,20,2023-01-02
113,Durst_5566,2361,Danielhaven,6,2024-02-17
114,Durst_2400,822,New Robertport,29,2023-02-25
115,Durst_7668,9917,Stewartland,24,2024-03-26
116,Durst_3811,5327,Lake Davidburgh,14,2024-07-30
117,Durst_3706,1176,Moodyland,32,2023-03-23
118,Durst_2240,6759,Hillmouth,11,2023-05-14
119,Durst_2818,9545,Robbinsfort,30,2023-08-25
120,Durst_4798,2630,East Alisha,25,2022-10-18
121,Durst_5901,8297,Elizabethstad,43,2023-09-27
122,Durst_4658,4128,Port Brian,42,2024-05-13
123,Durst_1038,5262,Kathychester,26,2023-02-08
124,Durst_8918,6031,New Dominique,37,2024-01-17
125,Durst_5944,8925,Grayshire,24,2024-02-21
126,Durst_6065,7679,South Amyville,16,2023-10-25
127,Durst_6746,4158,Kruegermouth,1,2023-05-04
128,Durst_5949,4746,Phillipstown,13,2023-07-04
129,Durst_3109,3393,Acostaburgh,50,2023-05-21
130,Durst_4053,2988,Lake Richard,35,2024-05-25
131,Durst_5051,850,East Jason,50,2022-09-27
132,Durst_8630,6705,Port Kevin,35,2023-10-05
133,Durst_7787,6432,East Curtisport,39,2023-11-14
134,Durst_5638,4544,Sandovalfurt,44,2022-10-24
135,Durst_6348,8811,West Dana,26,2023-08-24
136,Durst_9630,9195,Longland,12,2023-10-30
137,Durst_9761,3884,Willisland,47,2023-10-04
138,Durst_2755,6881,Dorseyburgh,38,2022-11-04
139,Durst_6231,2678,Port Jeffrey,23,2023-07-25
140,Durst_1453,8373,Bryanhaven,5,2023-11-29
141,Durst_3541,8659,North Adriana,18,2022-10-24
142,Durst_2375,6519,North Elizabeth,20,2024-09-12
143,Durst_8979,8036,Lake Theresaberg,5,2024-02-04
144,Durst_6657,9665,Port Todd,19,2023-04-12
145,Durst_7501,4533,Jeffreymouth,39,2022-10-31
146,Durst_7314,7452,East Christian,35,2024-01-08
147,Durst_6071,5552,Pagestad,37,2022-12-11
148,Durst_4955,6606,Port Lisa,16,2023-11-23
149,Durst_4247,6974,Lake Elizabeth,4,2024-01-18
150,Durst_8845,6731,Bobbystad,42,2023-02-04
151,Durst_1288,6565,Nortonland,41,2024-03-30
152,Durst_9061,4537,North Cassandramouth,35,2023-08-15
153,Durst_1130,9728,West Christopherstad,27,2024-06-25
154,Durst_6773,1649,South Eric,45,2024-07-20
155,Durst_5082,8646,Hendersonfurt,35,2023-07-10
156,Durst_3641,9781,Lake Angela,25,2023-01-23
157,Durst_4236,6139,South Sierra,30,2024-06-16
158,Durst_9977,6083,New Danielle,32,2024-02-04
159,Durst_2740,5998,Barrview,17,2023-11-12
160,Durst_4591,4328,Youngshire,10,2024-05-07
161,Durst_8021,4547,South Ralph,16,2023-11-11
162,Durst_6394,8441,Lake Natalieborough,18,2024-03-10
163,Durst_7234,9277,Cervantesstad,44,2023-04-06
164,Durst_7485,4429,Youngside,11,2023-02-04
165,Durst_1846,3532,Lake Brian,9,2023-10-10
166,Durst_8209,459,New Stevenfort,13,2023-06-23
167,Durst_1864,6744,Kramermouth,26,2023-09-25
168,Durst_9171,9360,Lake Laura,10,2022-10-14
169,Durst_4092,1558,Baileymouth,48,2023-01-13
170,Durst_8275,9122,New Tracey,18,2022-12-19
171,Durst_9032,872,Olsonfort,50,2023-08-05
172,Durst_1327,105,Alexandraport,30,2023-11-28
173,Durst_3497,4226,East Thomas,19,2024-07-11
174,Durst_3883,9828,Meganmouth,27,2022-10-07
175,Durst_6569,7191,Lambside,27,2024-04-10
176,Durst_8473,6459,New Allison,27,2023-01-03
177,Durst_4726,9178,East Jimmy,27,2023-07-25
178,Durst_4561,6090,North Brucechester,38,2023-07-18
179,Durst_2625,1633,Sandraberg,2,2022-10-21
180,Durst_9757,1070,Deannamouth,36,2023-11-27
181,Durst_2926,2471,West Kevinmouth,17,2024-01-23
182,Durst_5970,2012,Johnsonville,33,2024-03-23
183,Durst_9174,9564,Port Lisa,37,2022-09-24
184,Durst_3570,9107,Olsonshire,13,2023-06-29
185,Durst_1840,8908,South Joseph,11,2023-10-13
186,Durst_2078,8402,Meganhaven,18,2024-01-22
187,Durst_9540,5272,South Ryan,16,2023-11-01
188,Durst_1426,139,North Mauriceburgh,47,2022-09-29
189,Durst_6092,4178,East Jessicaside,18,2023-03-08
190,Durst_3349,9554,Mosesside,40,2023-03-31
191,Durst_4632,4296,Reedport,25,2024-03-07
192,Durst_8713,6458,North Daniel,23,2024-08-14
193,Durst_4700,6296,North Stacy,30,2023-06-19
194,Durst_3723,9757,Morrishaven,37,2023-05-18
195,Durst_3505,3314,West Kevin,25,2022-12-14
196,Durst_9035,590,Joneston,19,2023-04-17
197,Durst_1980,8702,New Lindseymouth,24,2023-01-01
198,Durst_4222,3626,New Derrick,4,2023-05-01
199,Durst_3799,145,South Claire,16,2023-11-16
200,Durst_7854,299,Lake Tara,38,2024-04-30
201,Durst_5224,2413,Gomezport,13,2024-06-27
202,Durst_1757,6206,Jochester,20,2023-10-11
203,Durst_6216,1876,Kennethfort,8,2023-09-22
204,Durst_8104,4244,Thompsontown,23,2023-07-22
205,Durst_5080,6217,North Kelli,37,2024-03-13
206,Durst_5786,9321,Jordanland,47,2022-11-18
207,Durst_9768,220,Lake Davidstad,24,2023-10-01
208,Durst_4931,1276,Boltonstad,28,2023-03-24
209,Durst_3118,6891,Collinstown,34,2023-10-07
210,Durst_8053,2237,North Jessicaborough,22,2022-10-24
211,Durst_5709,7390,Nathanport,2,2024-03-23
212,Durst_1959,5493,Allenberg,29,2023-09-16
213,Durst_4110,6863,West John,40,2023-02-14
214,Durst_6579,6032,Floydstad,35,2024-09-17
215,Durst_8591,3409,Port Madison,15,2023-01-13
216,Durst_4852,710,West Donnastad,28,2023-12-01
217,Durst_6605,6600,Burnettfort,36,2023-02-16
218,Durst_3048,983,Lake Chadton,15,2023-01-10
219,Durst_1848,2460,Justinberg,12,2023-02-19
220,Durst_6570,3435,Lake Justin,21,2022-09-25
221,Durst_1274,419,Nielsenchester,5,2024-01-08
222,Durst_6257,3352,Amandahaven,9,2023-08-30
223,Durst_9272,2643,Port Michael,22,2022-10-09
224,Durst_1910,5512,New Justinhaven,18,2024-01-19
225,Durst_3626,6066,Meadowsmouth,0,2023-12-06
226,Durst_8209,2078,West Johnland,4,2023-09-20
227,Durst_6850,9384,South Anthony,19,2024-05-07
228,Durst_5863,9828,East Sallytown,16,2023-08-12
229,Durst_7140,224,Lake Donaldview,50,2024-09-02
230,Durst_5375,9829,Rogersside,22,2023-09-10
231,Durst_1231,6589,Garciaport,26,2023-11-01
232,Durst_3438,4238,Guzmanside,14,2022-11-18
233,Durst_4957,6736,North Leslie,2,2023-05-03
234,Durst_1712,3427,Karenchester,44,2024-08-10
235,Durst_8680,4003,West Yolanda,17,2024-05-02
236,Durst_6709,1377,Ochoachester,2,2024-01-03
237,Durst_6079,6423,New Douglas,14,2023-02-22
238,Durst_7979,7188,Port Lindsay,30,2022-11-19
239,Durst_8728,8011,Lake Melissa,28,2023-04-12
240,Durst_5445,7060,South Anthony,5,2023-03-11
241,Durst_7151,7088,Jamesbury,2,2023-04-20
242,Durst_6572,5576,Hopkinsland,35,2023-03-30
243,Durst_2059,5526,Kylemouth,1,2023-01-01
244,Durst_8516,8385,Harperport,19,2023-08-27
245,Durst_9552,1807,South Christina,50,2023-04-06
246,Durst_4518,7658,New Kelsey,37,2022-11-20
247,Durst_8086,735,Monicatown,9,2023-03-11
248,Durst_9223,2613,Port Patriciahaven,15,2023-11-19
249,Durst_1996,7804,Jeremyborough,2,2024-09-06
250,Durst_5795,7672,Andrewhaven,21,2023-12-17
251,Durst_4941,3989,Gillshire,39,2024-04-18
252,Durst_8127,3830,Lake Aliciaside,31,2024-05-10
253,Durst_4473,9073,West Martinberg,27,2024-02-16
254,Durst_3654,5106,Chadshire,22,2023-12-09
255,Durst_8936,7703,West Michael,22,2023-04-24
256,Durst_9957,8143,Stephanieside,41,2022-12-06
257,Durst_9791,9895,New Debra,33,2023-01-03
258,Durst_5725,9638,South Allison,13,2023-08-23
259,Durst_5605,1956,Phyllisberg,42,2023-04-07
260,Durst_1001,4952,Murraychester,43,2024-06-10
261,Durst_1695,1826,East Erinchester,21,2024-05-02
262,Durst_3238,7175,West Michaelhaven,38,2023-07-31
263,Durst_7428,1671,Cookmouth,48,2022-09-30
264,Durst_3150,7061,South Michael,37,2023-04-10
265,Durst_3366,3001,Valdeztown,2,2023-08-30
266,Durst_3158,8829,Colemouth,28,2023-05-31
267,Durst_1185,2725,New Melissaburgh,11,2023-06-09
268,Durst_5739,9458,New Cynthia,16,2023-02-09
269,Durst_2886,9497,East Lisabury,37,2024-07-14
270,Durst_7182,8968,East Sarashire,5,2022-11-03
271,Durst_2585,1900,Maryfort,20,2024-08-14
272,Durst_8726,820,Castillomouth,18,2022-10-28
273,Durst_5662,9059,West Andrea,47,2023-12-22
274,Durst_2695,1308,Williamsshire,2,2024-02-07
275,Durst_4483,4567,South Steven,15,2023-10-25
276,Durst_2344,2802,Lake Teresa,7,2023-06-29
277,Durst_7302,9868,New Lisa,18,2024-07-07
278,Durst_2788,2602,Marissaville,16,2023-05-03
279,Durst_7349,2887,Colleentown,29,2022-11-07
280,Durst_4046,5685,New Hannahmouth,17,2024-04-12
281,Durst_5263,7791,East Codyfurt,5,2023-04-13
282,Durst_2172,8866,Walkerburgh,26,2023-08-09
283,Durst_7647,1810,North Michael,9,2024-05-25
284,Durst_3823,9333,New Susanmouth,31,2024-02-09
285,Durst_2724,4125,Port Danielmouth,41,2023-04-19
286,Durst_7985,1447,Nicolechester,23,2024-01-03
287,Durst_4807,6048,New Grantmouth,22,2022-10-16
288,Durst_7322,2123,East Amandaton,17,2024-09-01
289,Durst_3960,8931,East Janet,29,2024-03-22
290,Durst_7499,4836,Woodmouth,38,2024-06-24
291,Durst_5785,6185,Gomezfort,1,2023-02-07
292,Durst_4281,7178,Caitlinton,38,2023-11-17
293,Durst_2886,7008,West Stephanie,40,2024-07-27
294,Durst_4412,412,South Kevin,26,2024-01-08
295,Durst_2376,9608,South Jeffreystad,27,2022-09-30
296,Durst_7488,5477,West Kevin,14,2024-05-21
297,Durst_9520,9936,Douglasbury,8,2023-01-22
298,Durst_9408,6854,New Amandaburgh,27,2023-12-22
299,Durst_7785,2881,Port Hunterville,8,2023-07-25
300,Durst_5030,4792,South Daniel,31,2024-05-12
301,Durst_3113,5986,West Thomas,50,2023-08-18
302,Durst_6423,5817,West Jessicaburgh,49,2024-02-28
303,Durst_2118,1943,Longberg,0,2024-06-05
304,Durst_1632,4957,New Gilbert,42,2022-11-11
305,Durst_1024,3331,Maxwellton,26,2023-08-31
306,Durst_3929,7075,Gibsonberg,2,2023-01-12
307,Durst_9991,8871,East Alexandria,47,2023-07-22
308,Durst_4660,2353,East Brittany,16,2023-10-05
309,Durst_2030,7672,Gabrielville,19,2024-08-21
310,Durst_2775,5186,East Rebeccaburgh,4,2023-04-22
311,Durst_7002,9428,Port Sarah,33,2022-10-04
312,Durst_1345,6998,Dennismouth,18,2024-02-24
313,Durst_7771,4998,Abigailton,48,2022-11-22
314,Durst_6202,948,North Gerald,3,2023-04-07
315,Durst_7448,1274,Timothyville,18,2024-02-14
316,Durst_9437,5137,North Jessica,10,2023-07-26
317,Durst_3875,4253,Lake Nancy,31,2024-03-13
318,Durst_4865,382,Walterstown,29,2024-08-01
319,Durst_7865,3159,Katherineborough,36,2022-12-14
320,Durst_8950,2897,Christopherton,8,2023-11-06
321,Durst_7253,3890,Stephanieborough,33,2022-11-20
322,Durst_6954,4870,Diazborough,22,2023-01-01
323,Durst_2290,7909,South Joshua,11,2024-06-01
324,Durst_4175,9780,Port Nathaniel,36,2023-04-23
325,Durst_7113,457,Wilsonberg,9,2024-08-06
326,Durst_8173,977,Ronaldhaven,16,2024-01-06
327,Durst_4071,2004,Shannonmouth,31,2023-11-11
328,Durst_9171,7844,Daltonview,3,2024-08-14
329,Durst_1235,6802,Lake Kellyshire,8,2023-11-02
330,Durst_4330,8765,East Michaelmouth,22,2022-09-26
331,Durst_6997,6185,Alexiston,48,2023-07-19
332,Durst_3597,2013,Cartermouth,6,2023-06-11
333,Durst_8562,3981,Debrastad,12,2023-04-11
334,Durst_1582,2191,Evansport,0,2023-05-19
335,Durst_5198,8401,Taylorshire,42,2024-01-26
336,Durst_4736,3025,West Tracyview,13,2024-06-30
337,Durst_6267,8427,Spencerville,28,2022-10-16
338,Durst_5434,6109,Lake Janethaven,4,2022-11-08
339,Durst_7385,6977,Port Madisonfurt,7,2022-12-02
340,Durst_2766,8399,East Benjaminshire,41,2023-11-26
341,Durst_8892,4500,Mcgeefort,24,2023-10-30
342,Durst_4766,9396,Lake Richardfurt,42,2022-11-18
343,Durst_4951,4791,Port Ericberg,12,2023-07-11
344,Durst_4888,4150,Barrymouth,49,2023-07-11
345,Durst_8606,6235,Ashleyton,22,2024-03-05
346,Durst_7745,9595,South Alexanderborough,9,2023-11-25
347,Durst_5423,4865,East Mary,40,2023-12-21
348,Durst_1886,6413,Brookefort,13,2023-05-16
349,Durst_6011,8927,Lake Joshua,35,2023-08-19
350,Durst_2045,5988,Beanmouth,35,2023-04-12
351,Durst_5879,2922,Elizabethport,20,2023-02-25
352,Durst_1708,3546,Matthewsstad,47,2024-02-26
353,Durst_6337,5633,Burtonburgh,20,2023-08-24
354,Durst_2272,6920,Coxborough,6,2023-04-26
355,Durst_8272,7514,New Jenniferbury,10,2023-01-21
356,Durst_8434,32,New Jenniferchester,7,2024-01-10
357,Durst_3609,8855,Lonnieburgh,44,2023-07-22
358,Durst_5260,62,South Harold,38,2022-11-21
359,Durst_4960,736,Weavermouth,35,2023-05-13
360,Durst_8141,7344,East Scott,38,2023-10-20
361,Durst_1546,5715,Port Craigland,39,2023-01-23
362,Durst_4728,7280,South Andrea,40,2023-02-13
363,Durst_8723,6800,South Debra,45,2022-12-04
364,Durst_6829,3514,North Dean,11,2022-10-27
365,Durst_6366,3054,Lake Matthewmouth,34,2024-01-07
366,Durst_8411,9199,West Misty,2,2023-06-21
367,Durst_2439,7733,Rosechester,45,2024-05-13
368,Durst_7725,974,Port Stephaniefurt,45,2024-02-13
369,Durst_9670,4853,New Michael,1,2023-07-06
370,Durst_4504,5367,New Jason,7,2022-10-03
371,Durst_5871,4246,Taylortown,41,2023-10-11
372,Durst_2119,3111,West Reginaview,7,2024-02-18
373,Durst_2426,1178,North Adam,27,2024-03-05
374,Durst_3737,7702,Markview,39,2023-06-10
375,Durst_4085,8226,Charlesside,37,2024-04-28
376,Durst_9059,3582,Stanleymouth,31,2023-08-26
377,Durst_9574,2392,Charlesborough,9,2023-06-15
378,Durst_7285,4470,Huberport,8,2022-11-11
379,Durst_1102,9911,Franklinview,10,2022-09-27
380,Durst_5294,1273,Edwardton,7,2023-02-17
381,Durst_5701,1782,Port Devinland,14,2024-06-13
382,Durst_3497,1547,Port Lucaston,33,2023-08-11
383,Durst_8817,3006,East Douglas,16,2023-08-03
384,Durst_2096,9955,Fisherberg,24,2023-07-27
385,Durst_1046,6573,Amandamouth,18,2023-02-11
386,Durst_9934,2879,Youngborough,30,2023-09-02
387,Durst_6072,3613,South Emma,16,2023-11-28
388,Durst_8509,2098,Sharonside,48,2023-05-20
389,Durst_9249,1339,North Teresahaven,0,2023-05-15
390,Durst_3444,1393,West Cody,46,2023-07-09
391,Durst_1119,2051,South Mary,18,2024-06-25
392,Durst_9327,8716,North Brittanymouth,23,2022-12-31
393,Durst_3624,5641,East Johnland,11,2024-03-11
394,Durst_3641,9890,East David,1,2024-03-03
395,Durst_8625,2100,North Rachel,28,2023-11-24
396,Durst_1072,4490,Gamblechester,34,2023-06-24
397,Durst_5204,9677,East Autumnberg,27,2024-06-15
398,Durst_4198,4840,Port Jessicaport,10,2024-05-30
399,Durst_6078,810,South Melissa,23,2023-05-15
400,Durst_8056,4732,New Bradleyhaven,40,2022-09-27
401,Durst_5343,846,Lake Nicole,44,2023-04-21
402,Durst_7123,7255,Port Katherine,36,2023-11-18
403,Durst_2180,7085,South Carmenville,37,2024-02-10
404,Durst_3311,2116,Owenchester,16,2023-09-28
405,Durst_1538,4748,Brandyberg,2,2024-01-29
406,Durst_7349,5103,East Seanview,9,2023-08-03
407,Durst_3573,4862,Lake Michaelstad,2,2022-11-08
408,Durst_9077,8253,Wandaberg,40,2024-08-21
409,Durst_2673,5599,North Thomas,39,2023-11-13
410,Durst_4028,4860,South Saramouth,31,2023-08-17
411,Durst_6962,5611,South Monicaburgh,33,2023-03-05
412,Durst_9524,637,New Jackiehaven,13,2024-02-07
413,Durst_7100,8006,Port Marcus,9,2023-09-22
414,Durst_1703,4694,Reneechester,4,2023-03-01
415,Durst_8077,1593,Lake Richard,42,2024-07-21
416,Durst_3253,3258,New Kimberly,25,2024-08-28
417,Durst_4037,6465,South Christopher,6,2024-02-22
418,Durst_4967,7117,South Jameston,28,2022-11-30
419,Durst_1209,6171,Lake Patricia,33,2022-11-02
420,Durst_5978,4159,New Rose,22,2024-01-17
421,Durst_3738,6435,Davisshire,38,2023-01-14
422,Durst_6339,8246,Port Cheryl,2,2023-01-26
423,Durst_7257,9473,Port Brandi,40,2023-04-08
424,Durst_5086,8780,Lake Jeffreyside,12,2023-01-26
425,Durst_3447,1521,Jesuston,12,2024-09-21
426,Durst_3459,9806,Whiteheadbury,16,2023-08-19
427,Durst_6539,4547,Julieport,26,2024-09-18
428,Durst_1453,4477,West Katherineborough,32,2022-12-14
429,Durst_6682,2489,Monroefort,13,2023-06-07
430,Durst_3182,6489,Prattland,19,2023-04-20
431,Durst_6548,3291,Jordanbury,1,2024-04-28
432,Durst_2683,9152,West Justintown,2,2024-03-12
433,Durst_8583,3427,Sarahfurt,10,2023-01-03
434,Durst_9878,2298,Hallview,7,2023-05-11
435,Durst_3847,1565,Davenportstad,10,2024-01-08
436,Durst_4733,7134,Dickersonhaven,39,2022-11-01
437,Durst_6176,8768,South Nataliebury,6,2024-02-08
438,Durst_1520,7829,Cunninghamfort,46,2023-05-29
439,Durst_4074,8051,South Bradleystad,17,2023-09-12
440,Durst_7768,7338,Randyfort,20,2023-11-23
441,Durst_7034,9334,Banksmouth,14,2023-10-10
442,Durst_9952,2050,Adamberg,31,2023-04-11
443,Durst_1254,5933,Elizabethmouth,13,2024-04-05
444,Durst_7679,8197,Weststad,41,2024-02-19
445,Durst_3749,5286,Ricechester,43,2023-04-14
446,Durst_8181,5055,West Ashley,38,2024-08-30
447,Durst_3535,8022,Hughesland,20,2022-11-24
448,Durst_5650,1821,New Todd,42,2024-06-06
449,Durst_1445,1455,New Danielle,16,2024-09-16
450,Durst_6141,880,South Shelia,25,2024-08-11
451,Durst_9988,1905,New Howardchester,31,2023-09-18
452,Durst_4810,8449,Clarkville,38,2024-09-04
453,Durst_5534,9791,West Katherine,30,2023-09-12
454,Durst_4861,4352,North Jeffrey,8,2022-09-26
455,Durst_7277,8529,Vincentmouth,36,2023-09-21
456,Durst_8733,128,South Manuel,49,2023-05-07
457,Durst_3087,163,Ronnieborough,48,2023-10-18
458,Durst_8344,4239,Lake Keithton,6,2024-03-07
459,Durst_7533,2523,South Melissa,20,2024-04-05
460,Durst_7833,3719,South Mirandahaven,14,2023-07-19
461,Durst_9115,119,Glassville,1,2023-10-02
462,Durst_5893,8423,Jenniferberg,2,2023-12-04
463,Durst_3365,7855,Colehaven,36,2022-10-16
464,Durst_6154,5316,Smithfort,29,2023-04-08
465,Durst_1001,7797,Dudleyborough,32,2022-12-06
466,Durst_7035,2285,Wernerchester,18,2023-04-24
467,Durst_9278,4125,New Christinetown,17,2023-11-06
468,Durst_9879,4340,Amberfurt,1,2023-09-08
469,Durst_7741,7572,Larrymouth,14,2023-05-23
470,Durst_6258,8613,Kimberlystad,31,2023-01-07
471,Durst_8796,2354,Sierraberg,44,2023-07-29
472,Durst_3239,2902,Franklinmouth,1,2024-06-30
473,Durst_2202,3670,Rodriguezstad,43,2023-03-16
474,Durst_2880,1445,West Seanberg,32,2023-05-04
475,Durst_5387,8911,North Katelyn,12,2024-07-21
476,Durst_5938,9046,Lake William,30,2024-03-30
477,Durst_8875,9857,West Amandaville,2,2023-07-31
478,Durst_1398,1587,West Mariabury,48,2022-11-24
479,Durst_2748,6249,Deborahmouth,40,2023-02-10
480,Durst_2195,8839,Tinamouth,12,2023-09-19
481,Durst_1149,4190,Port Rodneychester,28,2024-02-21
482,Durst_5290,1067,Port Pennytown,2,2023-12-06
483,Durst_5758,4045,Natalieshire,4,2022-12-09
484,Durst_1797,2106,Jillchester,47,2023-09-27
485,Durst_6512,9816,North Connie,4,2023-10-06
486,Durst_4491,4213,Laurenberg,2,2024-03-10
487,Durst_8527,5229,Matthewmouth,49,2024-05-07
488,Durst_6548,4945,South Miguel,25,2023-09-29
489,Durst_2105,1005,South Michealville,46,2023-02-19
490,Durst_6632,4694,East Jacobmouth,18,2024-02-08
491,Durst_4411,2999,Lisaton,12,2023-11-02
492,Durst_7000,937,West Andremouth,15,2022-10-01
493,Durst_3454,938,Fishertown,47,2024-02-25
494,Durst_2225,601,Lake Allisonburgh,37,2023-12-31
495,Durst_9825,2332,Port Robert,33,2022-09-28
496,Durst_5002,8995,North Ronaldberg,23,2023-02-12
497,Durst_3453,9719,South Anthonyshire,21,2022-11-30
498,Durst_9847,3978,Sarahhaven,15,2023-07-28
499,Durst_8062,6605,Caldwellside,29,2023-05-14
500,Durst_1684,8106,Waltonton,47,2023-12-19
501,Durst_7182,8355,North Cameronborough,38,2023-07-11
502,Durst_8116,7395,East Paulside,10,2023-01-07
503,Durst_9644,6765,Richardside,1,2023-06-27
504,Durst_2753,5385,Nataliefort,48,2023-02-26
505,Durst_5110,9888,Grantview,32,2023-09-27
506,Durst_9347,4410,West Joshua,18,2023-03-23
507,Durst_8501,5840,Hallburgh,32,2023-01-09
508,Durst_6623,4200,Robertburgh,19,2023-02-11
509,Durst_8782,2558,Kingside,21,2023-05-09
510,Durst_3969,1844,Lake Sean,5,2023-06-25
511,Durst_9657,6416,Fernandezfort,21,2023-12-09
512,Durst_3566,2147,Isabeltown,19,2024-06-27
513,Durst_2252,6028,New Thomas,49,2023-04-15
514,Durst_3530,7820,New Joanne,45,2023-12-31
515,Durst_5231,84,New Amyhaven,46,2024-05-05
516,Durst_2090,5073,Lake Michaelville,38,2024-01-03
517,Durst_8872,8051,Phillipsview,16,2023-07-01
518,Durst_6270,2031,Jamesborough,42,2023-09-05
519,Durst_5266,2745,Josechester,32,2023-11-26
520,Durst_9760,6186,South Andrewchester,19,2023-12-18
521,Durst_4300,4642,Thompsonborough,8,2024-09-05
522,Durst_6990,9657,West Blakemouth,4,2022-10-28
523,Durst_6061,8943,East Shelia,37,2023-12-09
524,Durst_7221,3519,North Stephanie,30,2024-08-02
525,Durst_5767,4480,South Glenn,12,2024-03-30
526,Durst_2009,4861,West Carolberg,24,2022-12-07
527,Durst_9152,9241,Jenniferfurt,32,2022-11-25
528,Durst_5748,1610,South Donnastad,40,2024-04-23
529,Durst_4201,9261,New Paulchester,7,2024-07-17
530,Durst_6691,8272,East Danielland,16,2024-02-12
531,Durst_9573,408,Michaelchester,28,2024-01-29
532,Durst_4270,2121,Port Thomashaven,29,2023-02-09
533,Durst_8410,7202,New Robertfurt,40,2023-04-26
534,Durst_1680,4832,Kimberlyton,0,2022-11-03
535,Durst_4696,6275,East Jeff,8,2024-08-08
536,Durst_5036,3471,Stephenchester,13,2024-08-04
537,Durst_6141,8246,South Lisafort,26,2023-01-07
538,Durst_6810,8255,Lake Cassandra,15,2024-03-04
539,Durst_8793,2572,East Sabrina,14,2024-07-28
540,Durst_1560,3595,West Eric,39,2022-10-01
541,Durst_9634,2762,Markfort,48,2022-10-12
542,Durst_5925,2243,North Jessica,46,2024-07-03
543,Durst_3383,3207,Carrollport,11,2023-08-10
544,Durst_2340,7027,Mendozaland,50,2024-09-12
545,Durst_8899,3270,Brianport,3,2024-02-08
546,Durst_6983,2871,West Danafort,50,2023-09-28
547,Durst_6825,7864,North Rachelfort,49,2023-11-08
548,Durst_1067,5136,Hammondstad,24,2023-07-19
549,Durst_8890,2132,Hughesstad,36,2024-06-21
550,Durst_6469,264,East Jacqueline,43,2023-12-03
551,Durst_8907,2366,East Brookemouth,24,2023-11-16
552,Durst_9819,2076,Deannaview,7,2024-01-23
553,Durst_2838,3999,Thomastown,28,2024-09-18
554,Durst_1958,5475,Troyburgh,29,2024-09-12
555,Durst_6584,2557,Robertsview,8,2022-11-17
556,Durst_5317,5024,Dawnland,19,2024-09-01
557,Durst_8354,458,Andrewfurt,48,2022-09-27
558,Durst_1378,6834,Michaelside,42,2023-04-17
559,Durst_6968,831,South Laurieborough,13,2023-07-29
560,Durst_6320,7581,Whitechester,17,2022-12-17
561,Durst_4066,4066,New Stephanie,24,2024-06-15
562,Durst_4170,3817,New Michael,7,2023-11-09
563,Durst_1198,4162,Edwardsland,41,2024-07-02
564,Durst_6720,3141,Elizabethport,16,2023-04-01
565,Durst_2679,3956,North Albert,33,2024-02-15
566,Durst_7318,5998,Russellhaven,47,2024-03-05
567,Durst_9246,3107,New Loriton,44,2024-06-06
568,Durst_1038,8994,Lake Jamesburgh,47,2023-09-12
569,Durst_8215,5110,Toddhaven,16,2022-10-02
570,Durst_1645,4208,Rosstown,24,2022-11-14
571,Durst_5545,2080,New Michelleview,38,2024-08-12
572,Durst_5301,1388,Morrisberg,33,2023-12-14
573,Durst_3811,4242,Ruizburgh,18,2024-03-05
574,Durst_1103,9063,North Shelleyfort,46,2024-06-29
575,Durst_8513,9928,Michellechester,48,2024-06-26
576,Durst_6282,8913,West Aliciaborough,18,2022-11-27
577,Durst_5623,8053,New Bobby,44,2022-10-22
578,Durst_6157,8444,Melissamouth,40,2023-06-28
579,Durst_7588,6669,West Markside,32,2022-12-17
580,Durst_9184,6586,Evansstad,21,2023-12-06
581,Durst_1020,492,Markhaven,47,2023-06-06
582,Durst_7689,1096,Ericbury,12,2024-07-24
583,Durst_8333,7529,North Linda,7,2023-07-23
584,Durst_4118,9353,Lake Christopher,30,2022-11-15
585,Durst_1904,6168,Lake Donnaborough,25,2024-04-23
586,Durst_4060,2051,New Leslie,48,2024-05-09
587,Durst_4077,5494,Keithton,18,2022-10-04
588,Durst_5109,1189,Wilsonchester,36,2024-07-05
589,Durst_2769,9465,North Wendyland,42,2023-04-02
590,Durst_1577,4818,Kaylafort,40,2024-09-15
591,Durst_2080,9607,Andrewton,26,2022-12-19
592,Durst_1842,3711,New Alexanderhaven,48,2024-05-25
593,Durst_8960,742,Ryanville,35,2023-06-08
594,Durst_6340,6169,Port Anthony,30,2024-07-01
595,Durst_1435,4288,South Georgehaven,13,2024-03-01
596,Durst_3758,9137,Millerton,39,2024-06-29
597,Durst_6320,1738,Port Juliabury,47,2022-10-17
598,Durst_7505,1941,New Timothy,29,2023-08-10
599,Durst_9840,4708,Gloverberg,27,2024-08-19
600,Durst_9650,6313,Harrisville,1,2023-01-12
601,Durst_7813,7271,Dayville,26,2023-07-19
602,Durst_1960,8845,Zunigaland,24,2022-12-28
603,Durst_7086,2436,North James,48,2024-05-21
604,Durst_8621,6261,Cortezborough,26,2023-06-19
605,Durst_1103,75,New Lisa,9,2022-12-24
606,Durst_7549,9836,Saundersfurt,20,2023-12-23
607,Durst_6176,7829,West Tiffany,31,2023-03-07
608,Durst_4027,4671,North Whitney,8,2022-12-10
609,Durst_7654,7933,Lake Lisa,32,2023-02-12
610,Durst_4091,1927,New Briana,8,2024-08-06
611,Durst_2347,8623,Danielton,4,2023-08-23
612,Durst_3866,654,Leeberg,0,2023-08-27
613,Durst_8909,3838,Jeremyton,30,2023-08-15
614,Durst_9104,6365,Port Chelsea,36,2024-08-13
615,Durst_9232,7544,Lewisview,25,2023-02-06
616,Durst_1832,6490,Jonathanmouth,3,2023-12-20
617,Durst_7429,8062,Harrisonville,44,2024-08-03
618,Durst_3324,1480,West Leslie,34,2023-07-02
619,Durst_5190,1104,Port Kimberlyport,46,2023-06-26
620,Durst_1511,103,Susanview,41,2024-04-30
621,Durst_2595,3878,Marshallstad,26,2023-01-07
622,Durst_2021,7674,East Tyler,43,2023-01-20
623,Durst_3165,2734,Deannafurt,46,2022-12-25
624,Durst_5051,1462,East Gary,39,2022-11-03
625,Durst_7858,4834,West Daniel,2,2022-10-07
626,Durst_7227,6754,Harristown,40,2024-02-01
627,Durst_7169,318,Woodborough,24,2024-02-15
628,Durst_7893,3767,Billport,21,2024-02-03
629,Durst_6186,3536,Kimberlybury,29,2024-09-13
630,Durst_3465,5792,East Josephton,33,2024-08-18
631,Durst_4723,4428,Reedburgh,8,2024-04-13
632,Durst_4404,2393,Mcconnellville,19,2023-04-06
633,Durst_9208,682,Clayberg,29,2023-05-20
634,Durst_3301,5745,Port Dillon,6,2023-04-28
635,Durst_3866,8351,Samuelchester,43,2022-10-30
636,Durst_7643,9767,Port Lynn,47,2022-11-12
637,Durst_1009,7285,Gregoryland,4,2024-08-15
638,Durst_4024,17,Robertsshire,10,2024-04-27
639,Durst_6449,8999,Port Sheila,14,2023-03-04
640,Durst_8744,9797,East Luis,36,2022-10-19
641,Durst_5863,2853,East Elizabethmouth,11,2023-04-20
642,Durst_5463,1109,Lake Rebecca,14,2022-11-12
643,Durst_3219,3983,North Melissa,38,2023-06-21
644,Durst_2679,6695,East Michael,43,2023-08-07
645,Durst_8509,3956,South Alexburgh,0,2023-05-19
646,Durst_3977,9557,Ryanport,37,2023-07-20
647,Durst_8612,5841,East Joshuatown,32,2023-12-08
648,Durst_7840,1640,Williambury,46,2024-04-27
649,Durst_4875,2092,East Tasha,23,2023-03-29
650,Durst_7815,1100,Stanleyborough,42,2022-12-29
651,Durst_5410,1372,North Valerie,21,2022-12-27
652,Durst_4304,5043,Port Marissa,23,2023-12-20
653,Durst_7373,181,North Kimberly,19,2023-12-10
654,Durst_3467,6056,Amberstad,37,2023-11-10
655,Durst_3534,1105,Melissamouth,7,2023-02-20
656,Durst_6208,3241,Lake Kaitlin,24,2022-09-30
657,Durst_5679,8170,Port Gina,40,2023-07-05
658,Durst_9222,4148,New Tiffanymouth,17,2022-10-20
659,Durst_8201,1809,Port Crystal,13,2024-07-06
660,Durst_3819,4286,Jacksonmouth,35,2022-09-22
661,Durst_1297,4251,West Katieville,6,2023-11-30
662,Durst_9531,5501,New Ryanstad,8,2023-10-10
663,Durst_2683,7803,New Josephborough,2,2024-06-17
664,Durst_4773,5452,Carterland,14,2023-05-07
665,Durst_7382,9603,Myersfort,27,2023-03-27
666,Durst_1206,2223,North Philipbury,34,2024-02-06
667,Durst_3720,2572,Juarezland,22,2024-09-02
668,Durst_5155,9103,West Ann,22,2024-07-30
669,Durst_4279,4761,Wilsonmouth,26,2024-07-27
670,Durst_2715,7360,Baxtertown,47,2023-01-28
671,Durst_1799,2085,Wattsshire,47,2023-10-04
672,Durst_8649,1435,Justinview,5,2023-09-16
673,Durst_1182,7390,Garciatown,15,2023-06-21
674,Durst_6019,3715,Port Jeffrey,2,2024-06-21
675,Durst_1139,1238,South Sethmouth,9,2023-09-30
676,Durst_3676,9891,Port Kaitlin,23,2024-09-04
677,Durst_7889,8882,Crawfordside,22,2024-01-14
678,Durst_9447,7616,Parksstad,30,2023-11-22
679,Durst_7293,9687,East Kathryn,37,2022-12-17
680,Durst_9987,5952,Marybury,45,2024-04-09
681,Durst_6981,1249,Tylerton,28,2022-11-06
682,Durst_9806,2373,Schaeferhaven,37,2024-06-11
683,Durst_3325,6947,Jennifershire,37,2023-08-03
684,Durst_5576,4649,Bernardview,18,2023-06-30
685,Durst_3055,8479,Deniseview,47,2024-09-15
686,Durst_3412,8497,Port Nathanport,40,2023-08-15
687,Durst_3114,7703,New Kimborough,36,2023-05-30
688,Durst_5752,6142,Hendersonview,14,2024-03-11
689,Durst_6980,4912,East Brian,9,2023-12-12
690,Durst_7929,8057,Taylorburgh,31,2024-02-07
691,Durst_9098,4097,Sethchester,39,2023-12-18
692,Durst_2591,817,Douglasview,45,2023-10-07
693,Durst_2860,3651,North Meredith,33,2023-07-10
694,Durst_6862,5633,Melissaburgh,7,2023-10-25
695,Durst_6641,4317,Thomasmouth,47,2024-06-12
696,Durst_4990,4588,Ericborough,7,2024-09-07
697,Durst_1099,2412,New Brittanytown,7,2023-09-13
698,Durst_6011,9281,New John,38,2023-06-16
699,Durst_3517,12,Robertchester,24,2024-04-16
700,Durst_9248,1791,Liside,31,2022-11-14
701,Durst_4893,3372,New Victorchester,38,2024-04-14
702,Durst_1561,3393,Ruizland,3,2023-11-28
703,Durst_8655,745,Richardville,17,2023-06-06
704,Durst_7706,5825,Johnbury,32,2023-07-02
705,Durst_3139,8430,Jamesport,28,2023-11-02
706,Durst_3802,4124,Andrewside,42,2023-01-25
707,Durst_7843,7756,East Katherine,21,2024-09-10
708,Durst_1425,2441,Paigeside,34,2022-12-06
709,Durst_1754,5065,West Claire,36,2024-09-13
710,Durst_6394,2066,Monicafurt,37,2023-03-19
711,Durst_3414,3056,Mcdonaldland,20,2023-10-08
712,Durst_8369,2217,Nicholasport,42,2024-02-15
713,Durst_4875,5343,Snowton,46,2023-11-25
714,Durst_8309,8151,Kennethberg,29,2023-03-20
715,Durst_1558,19,North Shannon,36,2024-05-13
716,Durst_5318,5326,Espinozabury,41,2024-05-16
717,Durst_6431,8134,Gilbertberg,48,2024-05-24
718,Durst_1759,2231,Jonathanshire,21,2024-04-09
719,Durst_5486,8888,Bethside,31,2023-06-04
720,Durst_7657,9957,Jasminburgh,23,2023-10-22
721,Durst_9541,2093,New Annechester,31,2024-06-08
722,Durst_1431,5444,Vargasshire,13,2023-12-30
723,Durst_5770,5418,Adrienneland,8,2023-01-06
724,Durst_8881,1726,Christinemouth,4,2024-01-11
725,Durst_7780,1844,Christyberg,20,2024-05-12
726,Durst_3040,5180,Port Christopherburgh,3,2022-11-03
727,Durst_5281,3428,West Becky,3,2022-12-15
728,Durst_9884,8029,Lake Christy,18,2024-07-06
729,Durst_3675,9523,Jasonchester,36,2024-04-18
730,Durst_5293,8870,Youngton,49,2022-10-17
731,Durst_5995,5097,Wandaside,42,2023-04-30
732,Durst_5442,7083,Ianhaven,11,2023-05-17
733,Durst_5621,3894,East Omartown,11,2023-07-05
734,Durst_3736,8331,New Ann,18,2024-06-17
735,Durst_8377,4890,Moonmouth,17,2024-09-18
736,Durst_8366,9082,South Krista,30,2024-04-22
737,Durst_4920,1058,New Dawnborough,50,2024-07-08
738,Durst_1684,6107,Robertville,21,2023-02-15
739,Durst_2449,3304,North Colleenbury,37,2024-08-25
740,Durst_3604,1316,Leonardstad,13,2024-06-21
741,Durst_5116,2373,Morganton,22,2022-09-22
742,Durst_6146,4492,Emmatown,14,2023-06-28
743,Durst_5157,3232,West Matthewberg,37,2023-02-20
744,Durst_4418,6954,Justintown,9,2023-03-13
745,Durst_7087,452,East Ray,12,2023-05-25
746,Durst_3145,3584,Johnport,32,2022-11-04
747,Durst_6562,159,New Timothyside,3,2023-06-26
748,Durst_6122,6869,North Michaelton,48,2024-05-29
749,Durst_1616,8303,Port Barbaraport,11,2023-09-16
750,Durst_8673,5170,South Tricia,44,2023-09-07
751,Durst_2695,5192,West April,36,2024-03-12
752,Durst_1186,7589,West Matthew,45,2023-04-15
753,Durst_8514,8010,Michaelbury,17,2024-06-19
754,Durst_1660,6902,Laurafort,44,2024-02-10
755,Durst_2947,2514,Brianhaven,31,2024-09-10
756,Durst_1302,6358,Lake Denise,3,2023-04-26
757,Durst_8028,1863,Shellystad,14,2023-09-21
758,Durst_2670,5254,South Jamiemouth,38,2023-05-30
759,Durst_1102,5153,Carterborough,31,2022-10-09
760,Durst_3149,54,South Kaitlynland,2,2024-02-16
761,Durst_8476,3352,West Melissa,41,2024-07-20
762,Durst_8613,6013,South Shawn,43,2022-10-11
763,Durst_7763,8314,East Dianaside,40,2023-08-02
764,Durst_5854,8737,Davidberg,0,2023-07-27
765,Durst_3017,3026,Derekmouth,2,2023-08-13
766,Durst_6691,7449,Millerchester,32,2023-08-18
767,Durst_6804,5934,Port Tracyhaven,5,2023-01-23
768,Durst_9337,2063,Davisfurt,7,2022-11-28
769,Durst_4114,3481,Catherineside,1,2023-02-05
770,Durst_8357,601,Garzafurt,43,2024-01-07
771,Durst_5617,395,Johnsonmouth,40,2023-09-06
772,Durst_2665,4265,Mackenzieshire,7,2023-12-03
773,Durst_3816,9119,Port Ashleybury,12,2023-06-15
774,Durst_6532,7721,Amberhaven,0,2023-08-06
775,Durst_1025,4293,South Sherylstad,6,2023-08-08
776,Durst_1073,2241,Port Kimberlymouth,46,2023-08-14
777,Durst_7769,5575,Anthonytown,19,2023-12-04
778,Durst_5124,2260,Lake Yvette,48,2024-04-09
779,Durst_1720,8117,Lake Jessicafort,10,2024-04-27
780,Durst_8157,3537,Lake Tinaview,17,2023-11-03
781,Durst_9722,5381,Sotostad,6,2023-03-09
782,Durst_8937,6576,East Charlestown,6,2024-03-12
783,Durst_2812,8948,New Karen,6,2023-11-23
784,Durst_8450,5879,Mooreview,29,2023-08-04
785,Durst_7562,2099,Justinside,26,2023-11-29
786,Durst_4448,872,Masonport,17,2024-07-15
787,Durst_4127,8032,Arroyoland,3,2023-06-05
788,Durst_7379,6802,Nolanberg,24,2023-07-06
789,Durst_8370,5104,North Susan,44,2023-01-10
790,Durst_5009,3199,Wendyhaven,18,2024-09-01
791,Durst_1611,7729,Port Tracy,30,2023-06-15
792,Durst_1142,7125,Kathyfort,4,2024-06-14
793,Durst_6819,5389,Davidberg,22,2023-02-05
794,Durst_5573,6074,Abbotthaven,50,2023-07-12
795,Durst_4531,8545,Hallborough,31,2022-11-29
796,Durst_8330,7340,New Devonfurt,13,2024-07-30
797,Durst_1408,1746,Leblanctown,29,2023-11-08
798,Durst_5468,770,Williamshaven,42,2022-11-17
799,Durst_9096,6520,Samanthafurt,47,2023-06-19
800,Durst_1935,9180,North Cathyfort,4,2022-12-30
801,Durst_7337,6807,North Sydneybury,3,2023-12-29
802,Durst_6733,9331,Barbarabury,23,2023-04-08
803,Durst_3327,4700,Jessicashire,18,2023-01-29
804,Durst_3460,2978,South Brianton,18,2024-01-22
805,Durst_9461,8330,North Peterville,49,2023-06-04
806,Durst_2547,1657,Port Emily,43,2024-08-11
807,Durst_9903,9138,Lake Kathrynberg,23,2022-12-14
808,Durst_3588,9803,North Alexander,21,2024-04-06
809,Durst_7502,823,Grahamton,47,2022-10-31
810,Durst_4967,1623,Stanleyton,16,2024-03-29
811,Durst_8449,5499,New Scottmouth,28,2022-10-17
812,Durst_3286,3397,South Heather,25,2023-04-02
813,Durst_6920,9196,Kristaland,35,2023-01-20
814,Durst_1306,8446,East Taylor,13,2022-11-08
815,Durst_1354,7281,Haleymouth,0,2024-08-18
816,Durst_4129,9593,Taylorstad,31,2024-03-07
817,Durst_8883,5396,Beckville,18,2024-03-27
818,Durst_8767,3121,Mendezton,36,2024-05-26
819,Durst_5366,5720,Port Maryborough,47,2023-04-27
820,Durst_5004,2337,East Michael,13,2023-12-13
821,Durst_3541,9525,West William,34,2024-06-07
822,Durst_8408,4500,West Joshuaberg,48,2023-11-04
823,Durst_2646,3523,Port Tracymouth,12,2024-02-28
824,Durst_3982,1523,New Johnshire,1,2024-03-22
825,Durst_2664,6199,Port Victorbury,45,2024-08-05
826,Durst_6528,7903,Anthonyview,21,2022-10-16
827,Durst_7576,166,South Christina,10,2022-11-09
828,Durst_6433,2894,North Jodyview,20,2023-11-17
829,Durst_1182,4343,Port Crystal,0,2023-01-05
830,Durst_7835,8679,East Scott,2,2023-09-28
831,Durst_1173,3280,East Kaylee,26,2024-04-14
832,Durst_2794,2808,South Jennifer,50,2024-04-23
833,Durst_2721,2228,Christianchester,46,2024-04-30
834,Durst_3427,807,North Melissaborough,14,2022-12-24
835,Durst_5796,1215,Port Thomas,35,2023-03-01
836,Durst_2862,2586,Leachborough,28,2022-11-04
837,Durst_4712,143,New Claudia,24,2023-11-17
838,Durst_7580,3444,Port Steven,15,2022-11-11
839,Durst_1376,6620,Chadfort,37,2023-06-21
840,Durst_7114,8163,Wrightchester,4,2022-10-01
841,Durst_1560,7675,Richton,14,2022-11-25
842,Durst_3039,2241,Allenhaven,22,2024-01-07
843,Durst_5294,9143,Tracystad,31,2023-06-15
844,Durst_7801,2101,Stevensonshire,11,2023-12-03
845,Durst_8190,6559,New Rickyburgh,40,2022-12-21
846,Durst_2874,9444,Jaimemouth,45,2022-12-19
847,Durst_5112,1007,Wilsonborough,26,2022-09-26
848,Durst_3606,5341,Port Katherineshire,37,2024-05-16
849,Durst_3957,1359,Mccormickberg,49,2024-05-26
850,Durst_4152,6264,Jessicaland,35,2023-04-01
851,Durst_7299,567,Rileytown,2,2022-11-09
852,Durst_8085,1344,Lake Debbie,3,2024-03-21
853,Durst_1139,9836,Williambury,8,2024-03-19
854,Durst_9932,8158,South Ronald,5,2022-10-31
855,Durst_2613,4511,South Derrickhaven,49,2023-02-23
856,Durst_8927,8579,West Nathaniel,42,2023-07-10
857,Durst_2539,5600,Jessicastad,22,2023-06-11
858,Durst_1746,7582,Mcknightstad,2,2023-09-11
859,Durst_1650,3804,Lake Scott,39,2022-11-12
860,Durst_6480,1594,Brettberg,24,2023-03-15
861,Durst_2438,4628,West Heatherborough,12,2024-06-14
862,Durst_1791,8966,West Robin,0,2023-10-26
863,Durst_8782,1202,Annaside,50,2023-01-04
864,Durst_6412,3934,Josephmouth,2,2022-12-07
865,Durst_3707,3088,Alexisfort,45,2024-09-19
866,Durst_5408,1986,South Marcusside,15,2023-12-27
867,Durst_4768,9775,East David,33,2022-11-26
868,Durst_6954,7497,Samuelport,41,2023-12-05
869,Durst_1293,1811,West Michaelbury,28,2023-05-20
870,Durst_8333,6302,Davisberg,2,2024-07-23
871,Durst_3155,8894,Lake Jordan,0,2024-05-10
872,Durst_5061,1232,West Mark,43,2022-11-25
873,Durst_9754,7084,Pereztown,18,2023-10-22
874,Durst_5676,7242,Kirkborough,13,2023-05-13
875,Durst_8140,4752,Jasonland,47,2024-05-28
876,Durst_1477,2212,Lake Austin,5,2024-09-11
877,Durst_9842,2426,Harrisville,37,2023-09-11
878,Durst_6388,8281,Port Randallton,13,2023-12-18
879,Durst_5283,8163,East Alejandrochester,9,2024-01-15
880,Durst_8858,466,Port Kimberly,47,2023-06-20
881,Durst_2397,4342,Amandaborough,21,2023-11-07
882,Durst_4004,8740,East Derrick,29,2023-11-29
883,Durst_3873,8686,New Shirley,16,2023-11-02
884,Durst_8972,1441,Larsonside,4,2023-03-07
885,Durst_3693,2205,Knightport,28,2024-02-17
886,Durst_1677,6166,East Danielmouth,35,2022-12-25
887,Durst_6381,5530,Brianstad,42,2023-02-23
888,Durst_3835,550,North Jasonfort,12,2023-10-01
889,Durst_6670,1983,South Valerie,37,2023-08-16
890,Durst_9928,552,East Kellyfurt,19,2023-05-26
891,Durst_1444,6295,Lake Jocelyn,39,2024-06-26
892,Durst_8426,1706,Lake Nicole,45,2023-03-09
893,Durst_9755,9067,Lake Stacyview,1,2024-07-24
894,Durst_9630,4954,Austinport,11,2022-11-14
895,Durst_7497,6931,Port Jessicabury,14,2023-06-17
896,Durst_7799,4188,Taraton,22,2024-04-09
897,Durst_8326,4873,Ashleyton,9,2024-08-18
898,Durst_2062,8006,Sanderschester,44,2024-03-15
899,Durst_7504,8830,North Jeffreymouth,34,2023-07-07
900,Durst_2896,3448,North Maryville,24,2024-08-09
901,Durst_9662,3942,Katrinafurt,21,2022-10-30
902,Durst_3318,5006,East Douglasfurt,20,2024-06-06
903,Durst_6962,1777,Jensenfort,25,2023-08-15
904,Durst_6350,8931,South Codytown,10,2023-07-26
905,Durst_4239,1018,New David,45,2023-08-10
906,Durst_1865,6701,North Sarahport,30,2023-03-25
907,Durst_5583,2953,Jacksontown,33,2023-02-17
908,Durst_5650,2327,Bryanland,28,2024-03-30
909,Durst_5625,6761,Joelbury,46,2024-01-19
910,Durst_7521,470,New Sheilahaven,13,2022-12-20
911,Durst_2338,4234,Robertfurt,43,2023-03-19
912,Durst_2738,3328,Brittanystad,3,2023-05-14
913,Durst_3421,7844,Angelachester,6,2024-08-18
914,Durst_7553,5553,Hornechester,11,2024-03-31
915,Durst_5786,6752,Adamville,32,2024-02-28
916,Durst_3437,8723,Lawrenceville,24,2024-09-06
917,Durst_1230,6478,New Morgan,24,2022-10-17
918,Durst_6280,6364,Michaelchester,37,2023-12-28
919,Durst_3948,3772,Lake Melissaview,18,2023-01-29
920,Durst_6522,9132,Anthonyfort,48,2023-12-09
921,Durst_6986,1781,Rossbury,25,2023-09-28
922,Durst_1747,6640,Hughesside,5,2024-02-11
923,Durst_9188,4523,West Deborah,7,2023-04-25
924,Durst_6425,7756,South Joshua,12,2023-11-15
925,Durst_3978,9729,Tanyahaven,34,2024-05-12
926,Durst_5870,6860,East Richard,8,2024-07-04
927,Durst_2489,3105,Noahfort,48,2023-01-15
928,Durst_2438,1248,New Sandraview,1,2023-08-21
929,Durst_2125,3289,Jonesmouth,8,2024-01-27
930,Durst_8599,7905,Alexahaven,19,2023-08-18
931,Durst_4334,7244,Amandaton,10,2023-06-10
932,Durst_7000,7538,Floresville,38,2023-01-13
933,Durst_3288,9669,Joyshire,22,2023-09-23
934,Durst_8690,3527,South Leah,12,2023-03-11
935,Durst_9384,2069,Susanfurt,21,2023-06-09
936,Durst_1086,3982,Jonesborough,1,2022-11-03
937,Durst_1450,6066,North Joshuahaven,45,2023-01-09
938,Durst_4140,6174,Singhfort,21,2023-08-03
939,Durst_9098,3439,Port Stevenview,19,2022-12-25
940,Durst_5315,6997,Susantown,4,2024-02-03
941,Durst_3299,5114,Jaimeborough,42,2024-03-09
942,Durst_6244,3795,Brandonchester,10,2024-04-22
943,Durst_6974,4168,North Ralphton,1,2023-09-07
944,Durst_7007,2174,New Taylor,6,2024-02-21
945,Durst_3870,2946,Port Henry,0,2023-01-03
946,Durst_7529,3213,Lake Michael,24,2023-01-23
947,Durst_3269,2274,Joelstad,50,2022-11-03
948,Durst_3030,8030,West Matthew,5,2023-08-05
949,Durst_3113,6960,Lake Michael,31,2024-03-18
950,Durst_7933,8597,Duanemouth,16,2023-05-13
951,Durst_4191,4257,Morganport,39,2023-12-05
952,Durst_4079,4887,West Kristinstad,47,2023-02-15
953,Durst_5315,4739,West Brandon,48,2023-09-11
954,Durst_5421,5016,Angelaport,43,2024-05-05
955,Durst_5795,5954,Longmouth,16,2023-11-24
956,Durst_1600,357,West Nicholas,25,2024-06-22
957,Durst_7444,2790,West Jonathan,18,2022-12-31
958,Durst_6322,3283,Rebeccafurt,0,2022-10-19
959,Durst_6141,3589,Lake James,26,2024-01-20
960,Durst_6207,8151,Tamarachester,29,2023-07-18
961,Durst_6439,6559,Gregoryport,48,2024-02-20
962,Durst_1353,8240,Lake Jonathanbury,1,2022-10-03
963,Durst_2861,4725,Myerston,2,2024-07-04
964,Durst_7801,7708,Jasonborough,36,2023-06-08
965,Durst_4722,4115,Taylortown,31,2023-04-20
966,Durst_1968,9386,Cainland,46,2023-06-01
967,Durst_5621,819,Lake Mariaberg,10,2023-12-27
968,Durst_8383,8027,Tracymouth,17,2023-10-19
969,Durst_3212,7679,East Edwardtown,37,2024-04-11
970,Durst_1300,923,Robertsshire,31,2023-03-05
971,Durst_9991,7466,Port Justin,44,2023-09-09
972,Durst_1766,8842,Ayersshire,4,2023-11-02
973,Durst_5753,2256,East Sean,14,2022-09-27
974,Durst_1617,971,South Danielland,21,2023-06-30
975,Durst_5583,4338,Lake Janicechester,16,2024-08-23
976,Durst_3506,766,East Hannahfort,33,2024-06-12
977,Durst_7452,5816,Justinside,14,2023-01-10
978,Durst_5193,1091,East Megantown,40,2022-12-28
979,Durst_7215,9534,Davidbury,48,2023-07-14
980,Durst_1491,5114,Danielmouth,29,2022-10-08
981,Durst_9762,7861,Melissaberg,16,2024-06-06
982,Durst_9029,2883,South Victoriaburgh,14,2023-08-20
983,Durst_8208,5868,Seanchester,25,2023-05-08
984,Durst_9245,8266,Port Paulmouth,38,2024-02-24
985,Durst_4013,9358,Port Tyler,27,2022-11-17
986,Durst_5768,7107,Brittanyhaven,13,2024-08-14
987,Durst_2948,7690,Lake Paulville,14,2024-05-31
988,Durst_7868,6868,Port Johnfurt,16,2024-09-15
989,Durst_1305,688,West Samuelburgh,42,2023-02-01
990,Durst_3925,8172,Campbellside,17,2023-08-27
991,Durst_6710,3728,Davisport,44,2023-07-08
992,Durst_1256,3817,West Joseph,47,2023-05-06
993,Durst_1275,2789,Davidtown,44,2023-10-08
994,Durst_1046,3666,Humphreyhaven,41,2022-12-18
995,Durst_8781,7784,Watsonport,4,2024-07-14
996,Durst_9653,2696,Martinezview,5,2023-05-25
997,Durst_2201,7020,Joseville,20,2023-12-20
998,Durst_7724,5607,Lake Stephen,25,2022-10-21
999,Durst_3432,5104,North Eric,34,2024-08-16
1000,Durst_9596,9794,Port Jessicaville,17,2024-04-03
